"Year","Title","Domain","Instrument","Institution","Amount (mDKK)","Abstract"
2024,"ENSAFE: ENvironmental SAFEty of biotechnological plant protection products based on short interfering RNA and peptides","Agriculture & Vet","Programmes and collaborations","KU University of Copenhagen",60,"Facing an expected increase in food demand and with limited land available, minimizing crop loss is pivotal for ensuring food security. Chemical pesticides have been the primary tools to limit yield losses, however, their use is associated with adverse effects on the environment. Biotechnological..."
2024,"Disentangling the effect of Brain Insulin Resistance on Brain Health: The BIR-BrainHealth Project","Health","Programmes and collaborations","Capital Region of Denmark",59.67,"Individuals with diabetes face an elevated risk of cognitive impairment and dementia. To mitigate these risks, it is crucial to unravel the explanations and comprehend the underlying mechanisms involved. Existing research highlights that insulin sensitivity, vital not only in muscle and liver but..."
2024,"Tenure Track Assistant Professor - Amartya Sanyal","Natural Sciences","Investigators","KU University of Copenhagen",4,"Amartya Sanyal is an early-stage researcher who has delved into the nuanced areas of trustworthy machine learning, particularly in adversarial contexts, e.g. the challenges posed by adversarial settings (incl. preserving privacy), addressing concerns such as robustness against adversarial perturb..."
2024,"MIT - Integrating AI, Physics, and Microscopy to Uncover the Structure and Function of the Genome","Health","Fellowships","KU University of Copenhagen",4,"This project merges artificial intelligence, physics, and cutting-edge microscopy to investigate genome structure and its function in living cells. The genome structure regulates gene expression which is required to maintain life and its dysregulation causes diseases such as cancer and neurodevel..."
2024,"The Historical Medical Birth Register - a nationwide research infrastructure","Health","Infrastructure","Capital Region of Denmark",19.36,"The aim of this visionary project is to create a Historical Medical Birth Register by digitizing original paper midwife records and birth reports for the entire Danish population born from 1926-1973. It will use innovative artificial intelligence text recognition to convert handwritten records on..."
2024,"BioGLUE: Unified Danish ELIXIR Infrastructure for Seamless Data and Tool Interoperability","Health","Infrastructure","KU University of Copenhagen",14.7,"The BioGLUE project is tackling a common challenge in bioinformatics – the time-consuming task of gluing together different computational tools and data formats. Instead of manual effort, the aim of BioGLUE is to create a digital infrastructure that automatically generates the small computer prog..."
2024,"MIT - General Data Physics Coupling Pipeline for Next-generation Battery Modeling and Monitoring to Enhance Human Health and Sustainability","Natural Sciences","Fellowships","AAU Aalborg University",4,"Batteries have become ubiquitous energy storage devices in various aspects of human daily life, which contributes significantly to enhancing sustainability and convenience in modern living. This project investigates next-generation battery management with artificial intelligence and physics for h..."
2024,"Naturally Smart: Sustainable Food using Artificial Intelligence (AI4NaturalFood)","Agriculture & Vet","Investigators","KU University of Copenhagen",50,"Eating plant food instead of animal food helps the environment and our health. But to make the plant based foods we love, such as meat replacers, plant based dairy, margarine and mayonnaise, we need to strongly refine the plant ingredients. This costs a lot of water and energy, and creates a lot ..."
2024,"Integrating electrocardiogram and other prehospital diagnostics to improve patient outcomes","Health","Investigators","North Denmark Region",9.97,"The electrocardiogram (ECG), a low-cost and readily available test of the heart’s electrical system, holds promise to improve detection of critical conditions in the prehospital setting to improve outcomes. We propose a shift to a broader inclusion of ECG abnormalities, symptoms, and vital signs ..."
2024,"SDU Bioimaging Core Facility Upgrade","Engineering & Tech","Infrastructure","SDU University of Southern Denmark",2.96,"This application seeks funding for the Danish Molecular Biomedical Imaging Centre (DaMBIC) at the University of Southern Denmark (SDU) to sustain and enhance its bioimaging infrastructure. As a core facility, DaMBIC supports over 200 researchers across various faculties and collaborates with Dani..."
2024,"Physics-Motivated Machine Learning with multi-scale sensing and distributed sensor networks","Natural Sciences","Investigators","DTU Technical University of Denmark",35,"This proposal will establish an international research laboratory at DTU focusing on machine learning and signal processing for physical applications lead by Distinguished Professor Peter Gerstoft from University of California San Diego.   A sensor network is a collection of spatially located sen..."
2024,"MIT - CaMMI: identifying Causality in clinical Multi-modal models through Mechanistic Interpretability","Natural Sciences","Fellowships","DTU Technical University of Denmark",2.73,"In this project, I aim to make artificial intelligence in healthcare more interpretable. Currently, advanced machine learning models designed for healthcare can predict for example patient outcomes for a given disease, but often work like ""black boxes"". If we do not know how they reach their conc..."
2024,"New digital lab to mitigate plant disease pandemics","Agriculture & Vet","Investigators","AU Aarhus University",10,"Infectious crop diseases cause substantial yield losses and epidemic outbreaks that threaten global food security. Disease management is complex because pathogens can be transmitted by wind or human activities over extremely long distances (landscapes, regions, continents). The complexity of long..."
2024,"Stanford Bio-X - Decoding the Proteomic Secrets of Dopamine D2 Receptor Gene Variants","Health","Fellowships","KU University of Copenhagen",4,"We all are different, and so are the target points of drugs in our bodies. Dive into our pioneering research on the dopamine D2 receptor, a crucial element in the brain's network linked to neurological and metabolic disorders. Our innovative project seeks to decode the genetic variations of D2, h..."
2024,"Decoding faba bean yield stability: From in-field image data to mechanistic models (DIGIFABA)","Natural Sciences","Programmes and collaborations","KU University of Copenhagen",17.98,"The DIGIFABA project is addressing the critical need for sustainability and climate resilience in agriculture. The primary goal is to increase the cultivation of faba beans—a crucial grain legume—by leveraging state-of-the-art digital technologies thereby improving breeding programs. This will pa..."
2024,"Deep Immune Receptor Modeling (DIRM)","Natural Sciences","Programmes and collaborations","DTU Technical University of Denmark",17.99,"This project will increase our understanding of the immune system through development of tailored, cutting-edge deep machine learning methods and rational data generation for characterizing immune receptor interactions.  Immune receptors are a critical component of the immune system's shield agai..."
2024,"Machine learning generation of protein structural ensembles with cryo-electron microscopy data","Natural Sciences","Projects","KU University of Copenhagen",0.6,"This sabbatical project at the University of Copenhagen aims to enhance our comprehension of protein structure and dynamics, which are vital for biological processes. By integrating cutting-edge artificial intelligence methods with experimental data from cryo-electron microscopy, we will develop ..."
2024,"Programming Language and Compiler Technology for Accelerating Quantum Simulations, Computer-Algebra and Bioinformatics Algorithms","Natural Sciences","Projects","KU University of Copenhagen",1,"In simple words, my current research focuses on how to easily write parallel programs that run fast on modern highly-parallel hardware, such as graphics processing units (GPU). During my sabbatical, I plan to collaborate with famous researchers from three prestigious research institutions, as fol..."
2024,"Identify the critical genes associated with intellectual disability by analyzing brain organoid data","Health","Projects","SDU University of Southern Denmark",1,"People suffering from intellectual disability have differing degrees of difficulties in daily life. Currently there is no cure for intellectual disability, but it is known that it can be partially caused by genetics. In this project, I, as a statistician will work closely with Prof. Katja Nowick’..."
2024,"PathogenWatch – Enabling early plant pathogen diagnostics and precision pest management through novel microfluidic imaging technology","Agriculture & Vet","Investigators","Lund University",6,"Healthy soils lay the foundation for the world’s food production, but today soil health is at risk due to unsustainable agriculture practices such as the use of toxic pesticides. At the same time, we still lose 20-40% of our total yields due to plant diseases. Agriculture needs new methods to pro..."
2024,"Associate Professor - Marek Mutwil","Agriculture & Vet","Investigators","KU University of Copenhagen",5,"Associate Professor Marek Mutwil aligns with PLEN's increased focus on quantitative biology. With 12 years of experience as a group leader, first at the Max Planck Institute of Molecular Plant Biology and then at Nanyang Technological University, his expertise in computational biology will bolste..."
2024,"Harnessing big data to unravel the impact of climate change on global phenological shifts","Natural Sciences","Projects","SDU University of Southern Denmark",1,"With this sabbatical, I will start a research initiative aiming to understanding the impact of climate change on the timing of natural events, such as plant flowering and animal migrations. This phenomenon, known as phenology, is critical for the synchronisation of species interactions in ecosyst..."
2024,"Smart glucose responsive insulin with cleavable thiazolidine linker: in vivo studies","Health","Projects","KU University of Copenhagen",1,"Treatment of type 1 diabetes (T1D) has significantly progressed in the past 40 years, but all approved insulins function in the same manner, they lower the blood glucose whether the patient needs it or not. Thus, the daily self-administration of insulins remains a challenging for many diabetics a..."
2024,"Learning Anatomical Correspondence","Health","Projects","KU University of Copenhagen",0.66,"What is the shape of your knee or your hip, and is this shape problematic? The Learning Anatomical Correspondence will develop methods for making fine-scale shape models of the anatomical structures such that we can link the shape to the clinical observations. This will allow us to answers questi..."
2024,"Protein engineering and design: from development to impact","Natural Sciences","Symposia and conferences","KU University of Copenhagen",0.36,"Recent developments in machine learning have paved the way for a quantum leap in the development of new proteins and enzymes for practical applications. While we can see contours of what is possible in the future, the real potential of the technology remains to be uncovered. Thus, we are at a cro..."
2024,"Symposium on Artificial Intelligence and Pharmacology – Present and Future","Health","Symposia and conferences","Capital Region of Denmark",0.18,"Artificial intelligence (AI) is being applied to pharmacology with the potential to improve drug discovery, refine treatment plans tailored to individual patients, and to ensure that medications are safe and effective. Understanding and applying this new technology requires unprecedented collabor..."
2024,"Workshop in Generative artificial intelligence in neuroscience research: Statistical modeling, machine learning, and large language models","Health","Symposia and conferences","AU Aarhus University",0.17,"Artificial Intelligence (AI) could revolutionize brain research by opening new strategies for investigation of the brain. User-friendly interfaces are now making AI more accessible to scientists, potentially transforming data analysis and aiding treatment decisions in the clinic. AI is therefore ..."
2024,"Digital Prisms: Exploring Nordic Women Artists (1870-1910) Through the Lens of AI","Humanities","Symposia and conferences","KUM Ministry of Culture - Archives, Museums, and Royal Library Denmark",0.44,"The Digital Prisms seminar, set for August 2024, offers an exploration into how artificial intelligence (AI) can reshape our understanding of art history, particularly through the lens of 19th-century Nordic women artists. By blending art historical perspectives with investigations into AI techno..."
2024,"Rotary Motors in the Membrane: Understanding Nature to Improve Design","Other","Programmes and collaborations","KU University of Copenhagen",15,"Much like macroscopic technology, life depends on molecular machines that transform or use energy. So far two families of natural rotary motors have been discovered in the membranes of living cells, where they generate energy or motion. Recent atomic-level structures have provided fundamental new..."
2024,"CHEeTAh: CHallenges of Evaluating Teams and Algorithms","Natural Sciences","Investigators","ITU IT University of Copenhagen",10.98,"Machine learning (ML) competitions aim to improve healthcare algorithms, like detecting lung cancer in chest x-rays. Teams worldwide compete to develop such algorithms, driven by prizes or prestige. Competitions encourage innovation but often produce similar algorithms that excel in one accuracy ..."
2024,"LM2-SEC: Linguistically Motivated Language Model Security","Natural Sciences","Investigators","AAU Aalborg University",9.9,"Imagine a world where generative AI (gAI) exists free from any concerns for safety, security, privacy, trustworthiness, misinformation, or bias. We are far from this vision today, where negative consequences from gAI, such as deepfakes, are ever present in the news cycle. A new threat to gAI has ..."
2024,"Associate Professor in Systems Biology of Cells for Biopharma Manufacturing (Hooman Hefzi)","Natural Sciences","Investigators","DTU Technical University of Denmark",3.5,"Many life-saving medicines, such as monoclonal antibodies and gene therapies are produced in mammalian cells. While efficacious, their complexity makes their production a time, labor, and cost intensive process. Advances in the last decade have dramatically eased the process of genetic engineerin..."
2024,"MorphAI: Data Science and Generative Models of Morphology","Natural Sciences","Investigators","KU University of Copenhagen",10.66,"The project aims to develop data science and AI methodology needed for analysis of the shape and form or animals, organs, and plants - their morphology. Morphology has traditionally been important features in studies in fields ranging from biology over health science to plant science, but it is h..."
2024,"Professor in Landscape Biogeochemistry, Claire C. Treat - Assessing the spatio-temporal variability of greenhouse gas emissions","Natural Sciences","Investigators","AU Aarhus University",8,"To keep global warming below 2°C, it is essential to reduce greenhouse gas emissions, especially CO2, methane (CH4) and nitrous oxide (N2O). Agricultural lands and drained/natural wetlands are major sources, with emissions varying widely in time and space, often concentrated in 'hot spots' and 'h..."
2024,"Development and application of generative AI models for ctDNA detection and characterization","Natural Sciences","Investigators","AU Aarhus University",11,"Kræftknuder frigiver små mængder fragmenteret DNA til blodbanen, hvor det blandes med DNA fra raske celler. Dette cirkulerende frie DNA (cfDNA) kan tilgås med en blodprøve. Moderne sekventeringsteknikker kan kortlægge disse cfDNA-fragmenter i store datasæt. Ved at udvikle teknikker til at detekte..."
2024,"Colorectal OmiCs and Oncofetal chondroitin sulfate-modified proteoglycans (COCO)","Health","Projects","Capital Region of Denmark",3.48,"Investigating a new diagnostic method based on the recombinant malaria protein (rVAR2) represents a significant advancement in clinical practice. rVAR2 binds to specific tumor markers prevalent in cancer tissue, fetuses, and placentas but absent in other healthy tissues. A pilot study demonstrate..."
2024,"Responsibly Uncertain: Quantifying the Robustness of Responsible AI in the Face of Uncertainty (RespUncible)","Natural Sciences","Investigators","DTU Technical University of Denmark",11,"The upcoming AI act will likely lead to widespread use of trustworthy AI methods such as explainability and algorithmic fairness. Such methods are crucial to ensure that AI is implemented responsibly and safely into increasingly critical societal functions, such as medical imaging. Nevertheless, ..."
2024,"Uncovering Climate Change Impacts on Arbovirus Transmission Dynamics at the Intersection of Phylodynamics, Ecological Modelling and Machine Learning","Health","Projects","Stellenbosch University",6.58,"Half of known pathogens could be amplified by climate change. Diseases most affected are predicted to be arboviruses (dengue, chikungunya, yellow fever and Zika) which have caused large epidemics in Latin America and Asia over the last few decades, and increasingly large outbreaks in Africa and E..."
2024,"Broad call in computer science at AU, hiring Tenure Track Assistant Professor Andrea Paudice: ""Actionable Performance Guarantees in Machine Learning""","Natural Sciences","Investigators","AU Aarhus University",3,"Andrea Paudice joins the Department of Computer Science at Aarhus University on Sept. 15th, 2024 at as a Tenure-Track assistant professor. His area of research and teaching is machine learning theory. Paudice's research addreeses the problem, that most theoretical performance guarantees accompany..."
2024,"AIMPACT: AI-Powered Optimization of Empiric Therapy to Combat Antimicrobial Resistance","Health","Projects","Wits Health Consortium",6.99,"Antimicrobial resistance (AMR) is a serious global health issue that needs a team effort to tackle. We aim to better understand AMR's impact through careful monitoring and quick, cost-effective tests to help doctors make the best treatment choices. This project brings together experts in clinical..."
2024,"DASME - Data Science in Mathematics Education","Social Sciences","Projects","KU University of Copenhagen",6,"N/A"
2024,"Fungal cell factories for production of natural and engineered blue colorants (FunBlues)","Engineering & Tech","Projects","DTU Technical University of Denmark",4.4,"Colorants are used worldwide in the textile, plastics, food, and cosmetics industries. Unfortunately, the market is dominated by synthetic compounds produced from petrochemicals, creating large amounts of toxic waste. FunBlues aims to remedy this by constructing microbial cell factories in domest..."
2024,"Improving heterologous cytochrome P450-dependent biosynthetic pathways for the production of hernandulcin.","Engineering & Tech","Fellowships","DTU Technical University of Denmark",3,"Consuming too much sugar is known to cause health problems, including diabetes, cardiovascular issues, and many other problems. However, we have discovered how to produce the new natural sugar-substitute hernandulcin, which is 1000 times sweeter than sugar, using yeast. However, the yeast is only..."
2024,"USING TRANSFORMER-BASED DEEP LEARNING ON EPIGENETIC MARKERS TO BUILD TOMORROWS COMPLEX BIOMARKERS FOR SURGICAL FRAILTY","Health","Projects","Capital Region of Denmark",1.07,"Currently, upwards of 10-15% of patients undergoing surgery, are struck by some form of complication. This can be in the form of infections, blood clots, organ failure or even death. The individual risk profile of a patients is extremely difficult to assess, in part because there are no biomarker..."
2024,"Learn to Unlearn: Towards Responsible AI (TRAI)","Natural Sciences","Projects","SDU University of Southern Denmark",2.95,"In today's world, artificial intelligence (AI) plays a crucial role in many areas, from healthcare to social networks. AI has significantly improved services across various domains. However, it has also raised concerns about the privacy of personal data used for training and the fairness of its d..."
2024,"Sediments from the Greenland Ice Sheet: A Powerful but Overlooked Influence on Marine Productivity and Environments","Engineering & Tech","Projects","GEUS Geological Survey of Denmark and Greenland",2.83,"Greenland's glaciers transport not only water and ice to the world's oceans. On their way to the Greenlandic fjords, the ice grinds the bedrock, creating sediments. These sediments can be extremely important for the fjord environment and for fish and birds. Despite this, the amount of sediments i..."
2024,"Greenhouse Gas Emissions Monitoring and Verification for Sustainable Practices (GHG-MONITOR)","Agriculture & Vet","Investigators","AU Aarhus University",6.73,"The GHG-MONITOR project is focused on developing a new technology to accurately measure and track greenhouse gas emissions, which are crucial for addressing climate change. Industries like biogas production and carbon capture need better tools to monitor their emissions and our project aims to fi..."
2024,"Epitaxial Components for Alternative Logics (EPICAL)","Engineering & Tech","Projects","KU University of Copenhagen",3.39,"Advances in information processing are essential for most aspects of our modern society. It also comes with new challenges; it is well known that the energy consumption of the necessary computing servers has become very significant. It is important to be open to alternatives to established comput..."
2024,"Breaking the mould: Preventing food waste with enzyme biosolutions.","Natural Sciences","Projects","DTU Technical University of Denmark",1.1,"Globally, fungal contamination (that is, things getting mouldy) leads to billions of euros in food waste every year. This is particularly severe in regions without proper infrastructure for food storage. Moulds are able to grow on grains, fruits, vegetables, and other stored foods. Think about th..."
2024,"Broad call in computer science at Aarhus University, hiring Tenure Track Assistant Professor Akhil Arora","Natural Sciences","Investigators","AU Aarhus University",4,"Dr. Arora joins the Computer Science Department at Aarhus University on Oct 15th, 2024 as a tenure-track assistant professor. His research fits the department’s digital expansion strategy with his expertise in human-centered AI, NLP, and computational social science. He demonstrated creativity an..."
2024,"Conference on Secure and Trustworthy Machine Learning","Natural Sciences","Symposia and conferences","KU University of Copenhagen",0.3,"The Secure and Trustworthy Machine Learning (SaTML) conference is a three-day event that unites researchers from machine learning (ML), security, and ethics to advance secure and trustworthy ML, a crucial field as ML increasingly impacts society. Ensuring these systems protect privacy, offer fair..."
2024,"New frontiers in data-driven surgery: Shaping the future of intelligent surgery for unmatched patient safety","Health","Symposia and conferences","Capital Region of Denmark",0.24,"Data driven surgery is a rapidly evolving field that utilizes data and video from the operating room (OR) to significantly improve surgical practices and patient safety. Our recent conference united experts from behavioral science, and surgery, highlighting the need for collaboration to embrace t..."
2024,"AAU Energy Research Day 2025: AI for Energy – Energy for AI","Engineering & Tech","Symposia and conferences","AAU Aalborg University",0.13,"AAU Energy Research day will be held on April 29th 2025 with the purpose to present latest innovations and results in the area of Artificial Intelligence (AI) applied in the energy area. AI has gained high attention during recent years, and the event will focus on two different main aspects. The ..."
2024,"Center for Pharmaceutical Data Science Education","Natural Sciences","Centres","KU University of Copenhagen",50,"N/A"
2024,"DIABPC: Deep Learning and Diabetes Multimodal Patient Trajectories to Uncover the Asymptomatic Space of Pancreatic Cancer","Natural Sciences","Investigators","KU University of Copenhagen",10.79,"The DIABPC project aims to improve early detection of pancreatic cancer (PC) by exploring its link with diabetes, especially new-onset diabetes (NOD). PC is one of the most difficult cancers to diagnose early, resulting in one of the lowest 5-year relative survival rates at only 12%. Using advanc..."
2024,"Leveraging genomics and deep learning for biodiversity conservation","Natural Sciences","Investigators","KU University of Copenhagen",11," Preserving biodiversity is not only an urgent matter for the natural world, but also for long-term human health. As the world undergoes dramatic human-induced change, we need to identify species most at risk of extinction and formulate mitigation tactics. However, current risk identification app..."
2023,"University of Southern Denmark, Department of Mathematics and Computer Science - Professor - Ricardo J. G. B. Campello","Other","Investigators","SDU University of Southern Denmark",15.81,"Data Science and Big Data have become ubiquitous buzzwords as our capacity to acquire data from various sources has far surpassed our human ability to manually analyze the resulting databases. Data mining algorithms seek interesting useful patterns that may be hiding in data. However, the ever-in..."
2023,"One Crop Health for Next Generation Crop Protection.","Agriculture & Vet","Programmes and collaborations","KU University of Copenhagen",59.98,"Thirty percent of potential crop yield is lost to pests (herbivores, pathogens, weeds) and current efforts to limit pest impacts often rely on the routine application of pesticides. The One Crop Health programme combines the latest advances in agricultural science, ecology, sensor technology, mac..."
2023,"Global Wetland Center","Agriculture & Vet","Programmes and collaborations","KU University of Copenhagen",59.89," Wetlands contain large amounts of carbon. Wetlands around the globe are under pressure and have been drained for agricultural use, which has caused this carbon to be released as carbon dioxide, a potent greenhouse gas. Protecting and managing wetlands can help to reduce the emission of carbon di..."
2023,"Building a self-driving laboratory for controlled synthesis of inorganic nanomaterials","Engineering & Tech","Fellowships","DTU Technical University of Denmark",4,"A self-driving laboratory is an autonomous experiment platform that conducts machine learning selected experiments to achieve a user-defined objective. Recent advances have enabled self-driving laboratories to successfully optimise the synthesis parameters such as solvent, precursor, and temperat..."
2023,"Automatic Uprisings: Archiving a Techno-Social Sculpture","Humanities","Fellowships","AU Aarhus University",1.97,"Automatic Uprisings is an artistic research project between Aarhus University and Kunsthal Aarhus that is both media-based and politically-engaged. It explores new imaginaries for social protest with artificial intelligence (AI) in a way that first became conceivable in the Digital Age. Its pract..."
2023,"An open core facility and multi-omics data science platform promoting disease-wide precision medicine","Engineering & Tech","Infrastructure","Capital Region of Denmark",13.72,"The infrastructure will expand and professionalize the scientific and clinical use of our existing massive data resource to advance precision medicine in Denmark and improve patient care by promoting research, discoveries, training and practice. The infrastructure builds upon data from cohorts wi..."
2023,"Cardiac arrest survivors – etiology, risk prediction of future arrhythmia, treatment, and rehabilitation","Health","Investigators","Capital Region of Denmark",9.99,"Each year in Denmark, 5,000 individuals suffer a cardiac arrest (CA). Presently 16% of the individuals survive. Often the cause of CA is not identified and there is a lack of knowledge of the causes of sudden cardiac death (SCD). This results in suboptimal treatment for the CA survivors. This pro..."
2023,"Novel deep learning and remote sensing to reveal the uncharted biology of earthworms: cryptic, but pivotal, actors of agroecological circularity","Agriculture & Vet","Investigators","AU Aarhus University",9.48,"Agriculture is the most impactful human activity, inevitably leading to environmental issues. One such crisis is the unprecedented rate at which we deplete our arable lands by growing crops without restoring soils. The trends of soil loss threaten our food security and, to preserve lands, we must..."
2023,"Online research infrastructure for receptor function and drug design","Health","Infrastructure","KU University of Copenhagen",12," We will create online data and tool resources for basic research and drug discovery for our largest family of drug targets, G protein-coupled receptors and their signaling proteins. This will enable scientists in Denmark and globally to uncover vital receptor functions and novel therapeutic targ..."
2023,"Recruitment of Professor Fran Supek to BRIC, University of Copenhagen","Health","Investigators","KU University of Copenhagen",8,"Genomes of all living organisms including humans accumulate errors, and this corruption of genetic information can cause disease. In particular cancer is a common malady caused by mutations that normally happen in somatic (bodily) cells, meaning they are not usually inherited like with other gene..."
2023,"A study on proteins’ dynamics and conformational changes using large language models","Health","Fellowships","KU University of Copenhagen",3.99,"Developing new protein biotherapeutics is a time-consuming and expensive process. An important process for improving the design process is to understand how proteins change shape to carry out their function and interact with other molecules. This research project aims to use Large Language models..."
2023,"Software for Quantum Design and Control (SQuaD)","Health","Projects","KU University of Copenhagen",0.99,"Good hardware is only as good as the software used to operate it, and quantum hardware is no different. Quantum technology is a rapidly developing and commercialising sector, with breakthrough applications in harnessing energy sources, materials and fundamental science underpinning a sustainable ..."
2023,"Early diagnostics of soil-borne plant pathogens using microfluidic chip technology","Health","Projects","Lund University",1,"Today our soils are at risk due to unsustainable farming practices such as heavy use of pesticides. At the same time, we still lose 20-40% of our total yields due to plant diseases. Agriculture needs new methods to protect their crops from diseases. In this project, we develop new systems for ear..."
2023,"Improving cardiovascular disease prevention with artificial intellingence for finding relevant information in electronic health records","Health","Projects","Region of Southern Denmark",0.99,"Health professionals have a hard time finding important information in electronic health records (EHRs) because there is a large amount of text to go through, and time is scarce in today's hospitals. This makes it unnecessarily difficult and time-consuming to diagnose and treat patients correctly..."
2023,"Creating a Rapid Phenotypic Antibiotic Susceptibility Test for Tuberculosis","Health","Projects","Uppsala University",1,"Multi-resistant Tuberculosis (TB) is a major threat to global health. Despite several initiatives from the WHO, the number of multi-resistant TB infections has not decreased significantly during the past decade. One of the most important reasons for this failure is the lack of effective diagnosti..."
2023,"SE3D: Synthetic health data: ethical development and deployment via deep learning approaches","Natural Sciences","Programmes and collaborations","AAU Aalborg University",11.32,"There is a large potential for using artificial intelligence (AI) for improving diagnosis and treatment of many diseases. Large amounts of clinical data are needed to train useful AI systems. However, patient data is person-sensitive and only select individuals can obtain access, which can be a h..."
2023,"Tensor Networks for Data Science: Stability, Efficiency and Explainability at Scale","Natural Sciences","Programmes and collaborations","DTU Technical University of Denmark",17.99,"Tensor networks represent exponentially large data structures in an efficient manner. This compressed representation can lead to dramatic improvements in storage and processing. Because of this, tensor networks have become a central tool in physics and quantum computation. While tensor networks a..."
2023,"Deep Fetal Development: AI for Fetal Development Analysis and Impact on Future Health of Mother and Child","Natural Sciences","Programmes and collaborations","KU University of Copenhagen",18.28,"The healthy development and growth of the child during pregnancy is influenced by the health of the mother and the genetics of the parents. Likewise, the development of the child influences the future health of the child and gives indications of the future health of the mother.  In this project w..."
2023,"Data-driven improvement of health and socioeconomic outcomes in Danish children and adolescents with severe and chronic disease","Health","Projects","Capital Region of Denmark",5.99,"Danish children and adolescents with severe, and chronic disease usually have long and challenging disease courses both within, and outside our health care system.  Inside the health care system, there may be lack of coordination and coherence leaving it up to the patients and families to plan an..."
2023,"Unraveling shared disease mechanisms of ADHD and obesity by large-scale multidimensional data analyses","Natural Sciences","Programmes and collaborations","AU Aarhus University",11.8,"Attention deficit hyperactivity disorder (ADHD) is a childhood psychiatric disorder which affects around 5% of children and 2.5% of adults and is associated with increased risk of obesity. Here we aim to identify biological disease mechanisms shared across ADHD and obesity, and impulsive behavior..."
2023,"Copenhagen Gut Microbiome Symposium","Health","Symposia and conferences","KU University of Copenhagen",0.11,"During the last 2 decades it has become evident the human gut microbiome (GM) play a central role in health and disease. By its nature, GM-focused investigations are multidisciplinary efforts involving different scientific techniques such as microbiology, immunology, nutrition, and data science. ..."
2023,"Molecular Mechanisms Linking Obesity to Type 2 Diabetes in Males and Females","Health","Projects","Uppsala University",0.98,"Obesity is a major health threat and the leading risk factor for diabetes. Fat distribution varies among individuals, and two obese people can have different risks of diabetes. Men store more fat in the abdomen and have higher disease incidence and shorter lifespans compared to women. My research..."
2023,"Early detection of epidemics in livestock and wildlife using deep learning","Natural Sciences","Investigators","KU University of Copenhagen",10.89,"Identifying infected animals as early as possible allows us to minimise the spread of a pathogen and even prevent a pandemic. At the moment, we can only make sure that an animal is infected by costly laboratory analysis. This is problematic for livestock and wildlife given the limited funds that ..."
2023,"Data-adaptive targeted machine learning methods for analyzing dynamic treatment effects in observational healthcare data","Natural Sciences","Investigators","KU University of Copenhagen",6.69,"This research project aims to develop, extend and implement advanced statistical methods integrating machine learning techniques to enhance the reliability and accuracy of medical decision-making for patients, clinicians, and drug developers. One of the key challenges faced in medical research, w..."
2023,"Mass Spectrometry and Artificial Intelligence-Driven Tools for Enhanced Diagnostics of Hereditary Anemias","Health","Projects","Capital Region of Denmark",1.97,"Hereditary anemias are the most common group of genetic diseases worldwide. They affect hundreds of thousands of children born every year, many of whom will die in early childhood. These diseases pose a huge economic and social burden for many countries and necessitate preventive screening progra..."
2023,"AI-volution in agroecosystems: exploring pest adaptation to “smart” vision-based crop protection","Agriculture & Vet","Fellowships","KU University of Copenhagen",2.4,"Sustainably transforming the way, we feed our growing population is crucial, but we must tackle challenges like weeds, which reduce crop yield and need pesticides. So, what if we could use camera vision and artificial intelligence (AI) to recognize weeds and control them individually with friendl..."
2023,"APEX - Artificial Intelligence for Policy Excellence in the Climate Crisis","Natural Sciences","Investigators","DTU Technical University of Denmark",11,"As the climate continues to impact our world, policymakers need advanced tools to navigate the intricate challenges and uncertainties that arise. While existing tools are detailed, they frequently fall short, largely because of their narrow focus or broad generalizations. The APEX project seeks t..."
2023,"Closing the algal growth-rate gap: just how many gene changes does it take?","Agriculture & Vet","Projects","Uppsala University",3,"Innovative solutions to improve plant growth are urgently needed to meet future human needs. One promising way to meet this challenge is to improve the metabolism of photosynthetic organisms, resulting in higher growth rates and yields. Using metabolic modelling and machine learning, we will infe..."
2023,"Sex differences in inflammation and heart failure – a genomic/multiomic translational recall study","Health","Projects","Capital Region of Denmark",2.83,"Biomedical science has historically mainly operated with a unisex model, generating a knowledge gap, that critically challenges tailored care. The project will improve our understanding of the links between sex, inflammation and heart failure in sub-studies utilizing existing genomic, biomarker a..."
2023,"New computational approaches for understanding the emergence of social network structures","Natural Sciences","Investigators","KU University of Copenhagen",8.54,"  Social networks describe who is socially connected to who in a population. For example, the pattern of of friendships in a school class can be described as a social network, which can be studied scientifically. Social networks play an important role in the lives of both humans and animals. They..."
2023,"Inter-organ correlations of glucose uptake, measured using dynamic Total-Body Positron Emission Tomography, reveal disease-specific metabolic patterns","Health","Projects","Central Denmark Region",3,"The human body maintains a stable condition when all its organs interact and work in harmony. Disturbances in this network of organ interactions can lead to chronic diseases such as diabetes. We will use images of the glucose uptake, measured by dynamic Positron Emission Tomography scanning to de..."
2023,"Tenure Track Assistant Professor - Søren Bertelsen Scott","Natural Sciences","Investigators","KU University of Copenhagen",3.99,"Soren B. Scott is a rising scientist in the field of electrocatalysis. He has diverse international experience spanning work environments from top universities through national laboratories to large and small companies. He is a leading expert in chip-based electrochemistry – mass spectrometry, a ..."
2023,"AI-driven design of hierarchical food structures","Agriculture & Vet","Fellowships","SDU University of Southern Denmark",2.5,"High meat consumption is associated with problems related to sustainability, zoonotic diseases and animal welfare. Meat analogues, with high similarity to texture and taste of meat, can help consumers to lower their meat intake. But there is a challenge: replicating meat's hierarchical, fibrous s..."
2023,"Unraveling Immunosenescence from Single Cell and Spatial data","Natural Sciences","Investigators","AU Aarhus University",10.15,"The aim of this project is to unravel the mysteries of how our immune system changes as we age and how these changes influence our overall health. Using cutting-edge technology, we will delve into the intricacies of individual cells from thousands of people, with a particular focus on understandi..."
2023,"microTEXTURE: Unlocking the Secrets of Plant-Based Textures through Investigations at Multiple Length Scales","Agriculture & Vet","Projects","KU University of Copenhagen",3,"MicroTEXTURE is centered on moving forward the development of sustainable cheese alternatives derived from plant sources currently hindered by inferior textural attributes. The objective is to elucidate the complex microstructural dynamics of plant-based milk alternatives during their transformat..."
2023,"Collective oscillation analogues between locomotive neuronal ensembles and crystals of ultra-cold atoms","Natural Sciences","Programmes and collaborations","KU University of Copenhagen",4.99,"In the brain and nervous system neurons are connected in large networks that allow us to control our bodies and thoughts. While some types of control lead to conscious and isolated movements and actions others can lead to behavior patterns such as control of walking rhythms. The latter is thought..."
2023,"Design and characterisation of novel T-cell-receptor-like minibinders","Health","Projects","DTU Technical University of Denmark",3," T cells are important cells of the immune system responsible for killing cancer cells and infected cells. T cells depend on T cell receptors that bind molecules on target cells that function as cell-footprints. T cell receptors can recognise many footprints thereby providing protecting against m..."
2023,"Measuring the reliability of trustworthy AI","Natural Sciences","Projects","DTU Technical University of Denmark",3,"Trustworthy artificial intelligence (AI) aims to make AI more safe through increased transparency and fairness. We aim to demonstrate a daunting hypothesis: In settings where the predicted target labels are demographically biased, standard trustworthy AI algorithms no longer deliver on their prom..."
2023,"European RosettaCon 2024: knowledge transfer for modern protein modelling and design","Natural Sciences","Symposia and conferences","KU University of Copenhagen",0.39,"Proteins are foundational building blocks of cells and form molecular machines that carry out most of the processes in our bodies, but can also be engineered in biotechnological applications to make expensive syntheses affordable, and to generate enzymes and microbes for the green transition. The..."
2023,"Tenure-Track Assistant Professor in Materials Chemistry, Kasper Tolborg","Engineering & Tech","Investigators","AAU Aalborg University",3.42,"Modern challenges in energy, sustainability and biomedicine rely on development of novel materials. Computational chemistry has demonstrated its potential to accelerate the design, discovery and understanding of functional materials. Traditionally, effects of temperature and disorder are neglecte..."
2023,"A new perspective on surgical safety with focus on data-driven surgery, learning possibilities and international collaboration","Health","Symposia and conferences","Capital Region of Denmark",0.19,"Join us at the Data-Driven Surgical Safety Conference! Our mission is to revolutionize surgery by leveraging data, machine learning, and real-time patient information. This event fosters knowledge exchange, networking, and the growth of data-driven surgery in Europe. By harnessing extensive datas..."
2023,"Tenure track Sheng Wang - Digital Twin for Climate-smart Agriculture","Agriculture & Vet","Investigators","AU Aarhus University",3.98,"Nitrogen (N) is an essential nutrient for crop growth. However, inappropriate high rates and timing of N fertilizer leads to greenhouse gas (GHG) emissions and water pollution due to N leaching. This project aims to improve precision N management for Danish wheat cropping systems to maximize crop..."
2023,"2024 European Seminar on Computational Methods in Quantum Chemistry (ESCMQC-2024)","Natural Sciences","Symposia and conferences","DTU Technical University of Denmark",0.25,"The 2024 European Seminar on Computational Methods in Quantum Chemistry (ESCMQC-2024) will see a unique line-up of young (45-year age limit), leading researchers and scientists from both academia and industry meet up at the Royal Danish Academy of Sciences and Letters in central Copenhagen to dis..."
2023,"International workshop on the Theoretical Foundations and Applications of Topology in Machine Learning with Extensions to Image Processing","Natural Sciences","Symposia and conferences","KU University of Copenhagen",0.16,"The workshop will delve into the confluence of topology, machine learning, and image analysis, fostering an intimate setting for knowledge exchange. Our eminent speakers span the globe, bringing expertise in quantum topology, applied mathematics, and computational biology, ensuring a comprehensiv..."
2022,"Recovery of extracellular polymers from wastewater treatment residuals as a new circular biopolymer (REThiNk)","Engineering & Tech","Programmes and collaborations","AAU Aalborg University",54.83,"Activated sludge is the most widely used biological treatment process for wastewater, and it produces >10% of all biowaste in the western world. We present a new strategy for turning these biosolids into valuable biopolymers via extraction of extracellular polymeric substances (EPS) that are secr..."
2022,"Data Management, Algorithms, & Machine Learning for Emerging Problems in Large Networks–with Interdisciplinary Applications in Life & Health Sciences","Other","Investigators","AAU Aalborg University",10,"We shall develop a user‐in‐the‐loop graph engine with 4 key features. 1. The engine can represent massive data in a data lake as a complex network—knowledge graph, higher-order network, or multi-layer network. The engine will understand, summarize, and visualize the graph data and underlying rela..."
2022,"Protein Structure at Nano-Surfaces – ProSurf","Engineering & Tech","Investigators","AU Aarhus University",10,"Proteins are the machinery of life. They make skin, organs, teeth and bone, provide us with energy and defend us against pathogens. The shape of a protein allows scientists to understand how it works and what it does. For this reason, more than 100.000 measured protein structures are available in..."
2022,"Artificial intelligence-driven 3D image analysis and radiomics for high quality personalized cardiovascular risk assessment - The ARTICHOKE STUDY","Health","Programmes and collaborations","Capital Region of Denmark",9.34,"Cardiovascular disease is one of most common health issues encountered in Denmark and worldwide. Having a stroke or heart attack is invalidating and has large personal consequences and the cost of care and hospitalization are very large. Furthermore, stroke and heart attacks are unpredictable and..."
2022,"ALFADIAB - Algorithmic Fairness in Diabetes Prediction","Natural Sciences","Investigators","KU University of Copenhagen",10,"The vision of ALFADIAB is a society where access to healthcare and quality of care does not depend on ethnicity, race, or wealth. Even in Denmark, with its universal healthcare system, this is not yet a reality, and minorities with diabetes, and those who are the poorest, are affected more than o..."
2022,"Dr. Olivier Jolliet, Full Professorship in Quantitative Sustainability Assessment – Digitalized Platform for Sustainable and Healthy Lifestyles","Other","Investigators","DTU Technical University of Denmark",7,"Dr Jolliet's professorship aims to set lifestyles on a healthy and sustainable trajectory. The project will create a digitalized platform to systematically explore for the first time how lifestyles affect both our health and the environment. It will integrate: - The exceptional Danish Big Dataset..."
2022,"Tenure-Track Assistant Professor-Frederik van der Bom","Agriculture & Vet","Investigators","KU University of Copenhagen",4,"Frederik van der Bom’s expertise is in sustainable cropping systems and efficient use of scarce resources. At the University of Copenhagen, he will translate detailed, basic understanding of plant and soil processes into new ways to promote the sustainability and green transition of agriculture, ..."
2022,"Health Care Seeking Exploration and Intelligent Morphology Recognition to Obtain Coherent Patient Trajectory in Men with Genital Lesions (HESMEGLE)","Health","Projects","AU Aarhus University",6,"In this project we wish to understand how men with wounds, rashes, spots, and tumors on the penis and scrotum experience these, react to them and reach out for help in the medical system. We explore their understanding and views on the different steps in diagnosis, treatment and referral when the..."
2022,"Taming Cations in Natural Product Synthesis: Methods and Mechanisms","Natural Sciences","Investigators","KU University of Copenhagen",13.65,"The selective chemistry on biomolecules is central for health sciences. Nature has developed enzymes for this task through evolution. When new variations are needed, chemical synthesis is required and can become a bottleneck as selective reactions on complex biomolecules is complicated and tediou..."
2022,"DEVELOP: Using data science to estimate overdiagnosis and mortality reduction in cancer screening programs","Natural Sciences","Investigators","Region of Southern Denmark",8.89,"The purpose of this project is to improve existing analytical tools used to estimate the major benefits and harms of cancer screening.  Researchers are globally striving to produce reliable estimates on the major benefits and harms of cancer screening and to agree upon which methods that produce ..."
2022,"Bayesian neural networks for molecular discovery","Natural Sciences","Investigators","DTU Technical University of Denmark",9.7,"If we could design and create new molecules and materials with specific tailored properties, it could lead to huge progress in medicine, solar cells, catalysts, and many other scientific areas. But determining which compounds have the properties we desire is not easy. Quantum mechanical computati..."
2022,"Integration of longitudinal multimodal data in clinical risk prediction using deep learning","Natural Sciences","Investigators","Steno Diabetes Centers",9.07,"Artificial intelligence enables computer programs to execute human-like tasks like image and speech recognition, text translation, and more. These applications are based on deep learning, a method that can recognize patterns in large datasets (e.g. millions of images from the internet) and then m..."
2022,"Reading the Reader","Health","Programmes and collaborations","DTU Technical University of Denmark",7.89,"Imagine reading a text that knows you are looking at it – imagine reading a text that adapts to how you read it and supports you as you read. How we read today has changed little since the invention of printing. However, new technologies can make it possible to identify individual reading pattern..."
2022,"GolgiNet: Data science to take glycomics in silico and beyond","Natural Sciences","Investigators","KU University of Copenhagen",10,"Complex sugars make up the “third language of life” after genes and proteins. This language (the glycocode) describes myriad ways that organisms have fine-tuned proteins and cellular functions to allow complex life to thrive. We know how 100s of enzymes generate sugars in cells, but we do not kno..."
2022,"Cognitive spaces - Next generation explainability","Natural Sciences","Investigators","DTU Technical University of Denmark",9.89,"This proposal concerns machine learning explainability methods. The overall purpose of the project is to understand and push the limits to deep learning interactivity by theoretical and experimental analysis, design of new training schemes and by enabling knowledge aware model visualization. The ..."
2022,"Tenure track assistant professor Quentin Geissmann - Machine-learing and data-science in agriculture and biology","Agriculture & Vet","Investigators","AU Aarhus University",2.82,"The Center for Quantitative Genetics and Genomics (QGG), Aarhus University, aims to expand its expertise in machine learning and digital tools in agriculture to facilitate the green and digital transition. This project will allow QGG to recruit Dr Quentin Geissmann, a world-class young scientist ..."
2022,"CAZyme specificity prediction using AI (CAZAI)","Health","Programmes and collaborations","DTU Technical University of Denmark",15,"Genome/metagenome sequencing provides billions of sequences, but the number of experimentally characterized carbohydrate-active enzymes, CAZymes, is orders of magnitude lower. 3D structures can be predicted from protein sequences, yet current machine learning and artificial intelligence methods l..."
2022,"A high-performance data-driven agroecosystem modelling platform for developing agricultural systems with minimum environmental impact (AgroEco- HPM)","Health","Infrastructure","KU University of Copenhagen",14.85,"The agricultural sector faces huge challenges, combining effective agricultural production with carbon sequestration and minimal losses of N as gas or leaching, and pesticides in a changing climate. Carbon and nitrogen-cycles are closely knitted, so tools for analyses of problems and solutions mu..."
2022,"Multiscale label-free 3D x-ray imaging: Visualizing cells and tissue architecture simultaneously (Xtreme-CT)","Other","Programmes and collaborations","DTU Technical University of Denmark",15,"Biology makes tissues with hierarchical structure comprised of cells, that in turn are composed of organelles and – at the finest length scale – molecules. Life itself, as well as many diseases, depend on intricate interactions between these structural levels. Yet, it has proven exceedingly diffi..."
2022,"DESIRE: Data Science Research Infrastructure In Radiotherapy","Health","Infrastructure","AU Aarhus University",15,"Radiotherapy is relevant for 50% of all cancer patients. The wealth of information that is available in the medical images in radiotherapy has until now only been sparsely used and not been quantified in a way useable for data science. The Data Science Infrastructure in Radiotherapy (DESIRE) proj..."
2022,"A high-performance computing infrastructure for data-driven research on sustainable energy materials","Health","Infrastructure","DTU Technical University of Denmark",11,"A sustainable future society based on solar and wind energy is only possible if we find efficient ways to transform and store the energy from these intermittent sources. This calls for the development of novel materials including battery materials with higher energy density, and catalysts enablin..."
2022,"Development of an artificial intelligence-based methodology for hemoglobinopathy screening in low-income countries (AI-HEMO)","Other","Programmes and collaborations","AAU Aalborg University",4.95,"Hemoglobinopathies are a set of inherited diseases characterized by unusual production or arrangement of the hemoglobin molecule. According to WHO, it affects approximately 5% of the world's population, resulting in 300,000-400,000 children born yearly with a severe hemoglobin disorder, prevalent..."
2022,"Development of fly based tools for screening substances affecting endocrinologic and metabolic functions","Health","Projects","Uppsala University",1.44,"Developing drugs able to regulate neuroendocrine signaling is a lengthy, complex, ethically concerning and very costly process using rodent models. What is needed are faster, more cost effective and intelligent ways of screening for new drugs, otherwise known as high-throughput. Our primary model..."
2022,"Optimizing codon sequence for increased production of recombinant proteins","Engineering & Tech","Projects","Lund University",1.88,"The blueprint for how to make a protein in a cell is found in the genetic code. Amino acids are encoded with three DNA bases, forming a codon. This codon sequence is then translated into an RNA sequence that is read by the protein synthesis machinery of the cell. The choice of codons can have a s..."
2022,"Data-Driven Modelling of Oxide Catalysis","Natural Sciences","Projects","AU Aarhus University",2.64,"For sustainable and economically viable production of fuels and chemicals, it is essential to find less costly or more efficient catalyst materials than those currently used. This project will investigate conversion of CO2 over metal oxides, which entails various challenges related to the high nu..."
2022,"MOTH: Machine Learning on Tiny Hardware","Natural Sciences","Projects","ITU IT University of Copenhagen",2.7,"Today real-world applications such as speech recognition in virtual assistants (e.g., mobile phones) or image recognition at satellites are powered by machine learning models. Training one such model in the cloud, however, can cost almost 1 million DKK even without the electricity cost and carbon..."
2022,"A climate-informed framework for the design of future crops.","Engineering & Tech","Projects","Swedish University of Agricultural Sciences",3,"The currently cultivated cereals lack the molecular diversity needed to increase productivity and adapt to climate changes, posing a significant threat to food security. This project will use spring barley as a cereal model to test new approaches to improve modern cultivars and facilitate their a..."
2022,"Development of Sustainable Biofertilizer Production via High Throughput Protein Engineering in Cyanobacteria","Engineering & Tech","Fellowships","Uppsala University",2.4,"Nitrogen is one of the most important elements in all living cells because it is a key component of protein. However, not all living cells can take nitrogen in the form of N2, only some specific microorganisms are capable of converting nitrogen gas into various chemical forms. Therefore, nitrogen..."
2022,"Twisting superconductivity out of atomic bilayers","Natural Sciences","Projects","AU Aarhus University",2.99,"A material that is capable of conducting electrical current with zero resistance is referred to as a superconductor. Despite far-reaching technological benefits of harnessing superconductivity, its fundamental quantum mechanical origin remains a great mystery for a wide range of materials. This p..."
2022,"Interactive deep learning for image segmentation","Natural Sciences","Projects","KU University of Copenhagen",2.66,"The ability to automatically identify regions in images that belong to specific structures, such as organs in a medical scan, are important in a wide range of research fields and industries. Artificial intelligence or more specifically deep learning is the current leading method for this. Unfortu..."
2022,"4th Workshop on Generative Models and Uncertainty Quantification","Natural Sciences","Symposia and conferences","DTU Technical University of Denmark",0.27,"Artificial intelligence is making inroads into almost all branches of science as it aids with the formation of scientific hypotheses from experimental data. A fundamental challenge is, thus, to develop artificially intelligent systems that is both understandable by the human operator and able to ..."
2022,"Single-cell Tracking Analytics for Reliable Bioprocesses (STARBio), Associate Professor, Stefan Junne","Engineering & Tech","Investigators","AAU Aalborg University",3,"Understanding the impact of the growth environment on individual cells and their interaction within populations across different bioreactor types and scales is important for i) an advanced process monitoring and control to achieve a high process robustness, especially for co- and mixed cultures; ..."
2021,"Danmarks Tekniske Universitet + Associate Professor + Mi Jung Park + Differentially-Private Machine Learning","Natural Sciences","Investigators","DTU Technical University of Denmark",12,"This research programme focuses on privacy-preserving machine learning, which enables us to use data without privacy violation. Differential privacy is a widely used notion, which adds noise to an algorithm to induce uncertainty about any individual’s participation in the dataset. However, this r..."
2021,"Arrhythmia mechanism-tailored assessment of sleep-disordered breathing in atrial fibrillation.","Health","Investigators","KU University of Copenhagen",24.98,"Atrial fibrillation (AF) is the most common heart rhythm disorder. It affects more than 33 million worldwide and increases the risk for stroke and mortality. Seventy percent of all AF patients also suffer from sleep-disordered breathing (SDB), which complicates AF management.  The goal of this re..."
2021,"Ultra-sensitive Bio-Magnetometers with Macro to Nano Resolution (BIO-MAG)","Engineering & Tech","Programmes and collaborations","DTU Technical University of Denmark",59.96,"Every nerve cell in our body produces a tiny magnetic field when it fires. If we had magnetic sensors sensitive enough to measure such faint signals - 10 million times weaker than the Earth’s magnetic field - we could non-invasively study the activity of neurons inside our bodies and gain a deepe..."
2021,"Mathematical Modelling for Microbial Community Induced Metabolic Diseases (MATOMIC)","Health","Programmes and collaborations","SDU University of Southern Denmark",46.16,"The obesity pandemic in westernised countries calls for novel therapeutic approaches in order to improve the life of affected individuals and to lower the societal burden. Changes in the composition of the microbiome, i.e., the mixture of microorganisms that live in the intestine and help humans ..."
2021,"Improving the diagnosis of chronic coronary syndrome: Development of a new diagnostic strategy using personalized and digital medicine","Health","Investigators","AU Aarhus University",10,"The purpose of this study is to 1) develop a new personal risk profile for atherosclerosis based on machine learning results from large data sets and 2) study the impact of advanced diagnostic test in patients with symptoms of atherosclerosis.  It is well known that in addition to traditional cli..."
2021,"Pancreatic islet dysfunction and epigenetic modifications in type 2 diabetes","Health","Investigators","Lund University",10,"The prevalence of type 2 diabetes (T2D) is increasing worldwide. Therefore, there is a need to develop new treatment strategies for T2D. Recent genome-wide association studies were expected to find disease-causing mechanisms in T2D. Surprisingly, identified genetic variants only explain a modest ..."
2021,"Selection of mutations by in silico and experimental variant effects (SIEVE): a new strategy to improve fitness in cool-season grasses","Health","Investigators","AU Aarhus University",7.99,"Quantitative genetics relies on associations between DNA changes and observed differences. These associations are useful to predict plants’ performance and select the most promising varieties. However, they are only correlations and cannot tell us what exact DNA changes are causing the observed d..."
2021,"First principal models, neural networks and functional graphical models for Defining metabolic capacity as a Tool for Personalized nutrition (FOODTOP)","Natural Sciences","Investigators","KU University of Copenhagen",9.27,"Diet and digestion of nutrients are both highly personalized and related to diseases. What if we could develop analytical tools for profiling the metabolism, that could be used to customize personal dietary recommendations which in turn would benefit health and cure diseases? We will deeply chara..."
2021,"Start package for associate professor Veronika Cheplygina: CATS - Choosing a Transfer Source for Medical Image Classification","Natural Sciences","Investigators","ITU IT University of Copenhagen",3.5,"Medical imaging algorithms, eg. for detection of abnormalities, are often trained via transfer learning - first on source (publicly available) images, and then on target (clinical) images. An important problem in data science is how to choose the source data. A poor choice will impair the algorit..."
2021,"DIRECTION - Data science driven leaf architecture optimization","Health","Programmes and collaborations","KU University of Copenhagen",17.5,"Photosynthesis, the biochemical process that converts carbon dioxide and water into oxygen and sugars in plant leaves, is the vital process to crop yield and life on Earth. Optimization of photosynthesis is therefore of crucial importance to an improved agriculture, but has largely focused on enh..."
2021,"Islet Cartography – Multi-layered mapping of islets of Langerhans in health and disease.","Natural Sciences","Investigators","SDU University of Southern Denmark",8.79,"Type 2 diabetes is a common disease that, if unmanaged, can lead to potentially fatal complications. Current treatments are symptomatic leading patients into life-long treatment regimes. This has a significant negative impact on their lives and poses a big economic burden for society. In Denmark,..."
2021,"CRISPRnet: Deep learning and data-driven CRISPR design for network-based multiplexed targeting","Health","Programmes and collaborations","KU University of Copenhagen",14.78,"The ongoing CRISPR development is revolutionizing the gene editing technology in basic and applied research. A challenge in doing CRISPR is how to make the desired edits (on-target) while avoiding unintended ones elsewhere (off-target), as these can be damaging, e.g. in therapeutics. For this com..."
2021,"Providentia: Privacy-driven Trust in Algorithms","Natural Sciences","Investigators","KU University of Copenhagen",8.41,"How do we ensure that we can trust systems that use data to make decisions? Lawmakers across the world are grappling with the question of how to properly regulate systems that collect, analyze, and use data. Getting the balance right is crucial. No regulation of data science means a risk of compr..."
2021,"Mutational processes in spermatogenesis and their consequences for human health","Health","Programmes and collaborations","AU Aarhus University",20,"Most novel mutations arise in the testes when sperm cells are produced and can cause severe psychological disorders in the offspring. It is now possible to map novel mutations that a prospective father is likely to pass on by sequencing the DNA in his sperm, but the interpretation of such data is..."
2021,"Risk-assessment of Vector-borne Diseases Based on Deep Learning and Remote Sensing","Health","Programmes and collaborations","KUM Ministry of Culture - Archives, Museums, and Royal Library Denmark",19.99,"The malaria mosquito, Anopheles stephensi, will likely spread to cities in Africa with more than 126 mil. residents, posing a serious threat of large-scale malaria outbreaks. Low-quality housing is an important risk factor for diseases spread by mosquitos. However, the relation between urban cont..."
2021,"Clinical Quality Conference","Health","Symposia and conferences","AAU Aalborg University",0.5,"The quality of healthcare delivery is paramount to patients and is the brand of a healthcare system. Data-driven quality improvement offers great potentials, and this conference will present a number of different approaches as inspiration and guidance for a learning healthcare system. The patient..."
2021,"QUAITOM – The Infrastructure for QUantitative AI-based TOMography","Health","Infrastructure","DTU Technical University of Denmark",11.51,"QUAITOM – The Infrastructure for QUantitative AI-based TOMography 3D imaging based on µCT X-rays and neutrons allows seeing structures inside materials and from this understanding mechanisms important for developing new medicine and diagnostic tools or for inventing materials for a sustainable fu..."
2021,"Personalized medicine infrastructure using the open-source OMOP common data model including an Electronic Health Record interface","Health","Infrastructure","Region Zealand",13.28,"One of the main targets of Personalized Medicine is to refine the stratification of a single patient aiming to provide improved diagnosis, prognosis, and treatment for the specific individual. This can be achieved by including not only a detailed account of the patient’s health record, but also s..."
2021,"Understanding and overcoming cancer drug resistance through experimental-computational studies of cancer cell lineage dynamics","Other","Programmes and collaborations","KU University of Copenhagen",14.49,"Ovarian cancer patients face a very poor prognosis as the disease comes back in 70% of cases despite initial response to surgery and chemotherapy. The mechanisms of treatment resistance and the origin of recurrent cancer cells remain poorly understood. Our project implements a unique combined exp..."
2021,"Associate Professor Melih Kandemir","Natural Sciences","Investigators","SDU University of Southern Denmark",4.46,"SDU is delighted to attract Research Group Leader Dr. Melih Kandemir from the Bosch Center for Artificial Intelligence, one of the top industrial research laboratories for AI in Europe. Hereby, SDU will significantly strengthen our capability within fundamental data science research to move the f..."
2021,"Massively multiplex pathogen screening by ultrasensitive fluorescence spectroscopy","Other","Programmes and collaborations","DTU Technical University of Denmark",5,"Our society has been suffering with the COVID-19 pandemic for more than one year, but we still need a very long time, at least 24 hours in Denmark, to have accurate test result for this specific and known virus. If given a decease caused by one of 1400 human pathogens that we already know, how ca..."
2021,"InnoVative management of Redox-stratified mIcRobiomes for efficienT carbon-neutral removal of organic micropollutants from residUal watErs (VIRTUE)","Engineering & Tech","Projects","DTU Technical University of Denmark",3,"Modern society takes wastewater treatment for granted. However, conventional techniques fail to respond to a major challenge, which the present-day world face: preventing the discharge of pharmaceuticals into the environment to protect wildlife and human health. Wastewater treatment relies on pol..."
2021,"Revealing structure-function relationship of novel spent grain peptides identifed by proteomics and bioinformatics (GRAINPEP)","Engineering & Tech","Projects","DTU Technical University of Denmark",3.96,"Moving towards more sustainable and environmentally friendly production and consumption is a challenging path, specifically with respect to utilization of by-products from the food industry for production of new ingredients. GRAINPEP will use an innovative approach to solve this challenge for bre..."
2021,"Atlas 2.0 of circular DNA across cells and tissues of mice - phenotypes","Health","Projects","KU University of Copenhagen",2.88,"Our insight into many diseases depends on our understanding of the cellular changes created by mutations. My research group has recently found that an otherwise overlooked group of mutations, circular DNA, is very common in tissues of healthy humans and animals. The project will continue this wor..."
2021,"Tenure-Track Assistant Professor - Valkyrie Savage","Natural Sciences","Investigators","KU University of Copenhagen",3.97," Dr. Savage recently joined the Human-Centred Computing (HCC) section at the Department of Computer Science at the University of Copenhagen (DIKU), as a Tenure-Track Assistant Professor. Her research areas align with DIKU’s investments into digital fabrication, and her methods focus around buildi..."
2021,"Recruitment of Associate Professor at the Center for Neuroplasticity and Pain, Dept. of Health Science and Technology, AAU - Daniel Ciampi de Andrade","Health","Investigators","AAU Aalborg University",5.83,"At the Faculty of Medicine, Aalborg University (AAU), collaboration between health scientists, engineers, and clinicians is the driving force behind innovations in the area of personalized medicine and data-driven solutions. The Center for Neuroplasticity and Pain (CNAP) at AAU is at the forefron..."
2021,"The Danish Data Science Academy","Natural Sciences","Education platforms","DTU Technical University of Denmark",152.5,"N/A"
2021,"The Pioneer Center for Artificial Intelligence mobility grant","Natural Sciences","Centres","Fonden til fremme af international mobilitet inden for forskning",2.53,"N/A"
2021,"Pionercenter for Artificial Intelligence v/Serge Belongie","Natural Sciences","Centres","Unknown",51.47,"N/A"
2020,"Reenvisioning the life course perspective with neural architectures: a multifaceted population wide study of disease risk","Health","Investigators","KU University of Copenhagen",25,"Health is central to the wellbeing of a person. A curious fact when looking closely at the sequence of events in an individual’s life is that there is no such thing as an average person. The uniqueness of our lives makes it hard to assign an average risk for getting a disease at some point in tim..."
2020,"Perceiving a Pre-Filtered World: Anticipated Perception in a Data-Driven Culture","Humanities","Fellowships","AU Aarhus University",1.31,"Intelligent systems have become an important part of everyday life. From search engines that help us navigate information overloads to recommendation systems that map our preferences against others, algorithms are designed to calculate what is “hot”, “trending” or “most discussed”. As we increasi..."
2020,"Deciphering the code of nuclear RNA degradation by deep learning and transcriptomics","Health","Investigators","KU University of Copenhagen",10,"The most fundamental process in molecular biology is reading of genes in DNA into RNA (transcription), which is then translated into proteins. However, we also need systems to remove RNAs from cells – RNA degradation. Because RNA degradation rates vary between different RNAs, RNA transcription an..."
2020,"Longitudinal gene expression markers conceptualised to innovate artificial intelligence platforms for the assessment of microbial food spoilage","Health","Investigators","University of Helsinki",10,"Microbial food spoilage is a major challenge for all food business operators manufacturing perishable foods. It is generally estimated that around 30% of manufactured food is spoiled mainly because of microbes. Currently the food industry has to rely on unspecific tools while setting shelf lives ..."
2020,"High Content CRISPR Screening (HCCS) Facility","Health","Infrastructure","KU University of Copenhagen",15.58,"The discovery how one quickly and efficiently turn off or on individual genes in cells using precise gene editing technologies such as “CRISPR” has revolutionized research in molecular biology over the last decade. Very recent developments in this field now allow to perform this type of gene edit..."
2020,"Scalable Optimization for Data Science","Natural Sciences","Investigators","DTU Technical University of Denmark",7.7,"The growing accumulation of data in today’s world results in complex problem sets and difficult computational challenges for data scientists. Solving these problems with existing optimization tools often requires excessive computational resources (time and memory), resulting in subpar solutions. ..."
2020,"Differentiable Physical Models for Data Analysis in Biology","Natural Sciences","Investigators","KU University of Copenhagen",7.2,"From high school mathematics and physics, most will recall that differentiation is the method by which variation can be studied. Less well-known is the fact that differentiation is also the key reason behind the recent revolution in machine learning. Neural networks need to be differentiable in o..."
2020,"Leveraging artificial intelligence for pancreatic cancer diagnosis, treatment planning and treatment outcome prediction","Natural Sciences","Investigators","KU University of Copenhagen",7.88,"Early diagnosis of pancreatic cancer is challenging due to non-specific symptoms, such as nausea and pain. Surgery remains the only hope for the complete cure, but a very low percentage of tumors can be resected. Moreover, pancreatic cancer grows close to the surrounding vessels and lymph nodes, ..."
2020,"Machine learning methods for data-driven discovery of antibiotic resistance plasmid dissemination and evolution","Health","Programmes and collaborations","KU University of Copenhagen",14.98,"Transmission of microbial genes encoding factors such as antimicrobial resistance, virulence factors or metal resistance have a crucial role in human, animal and plant health and a plethora of medical, agricultural and industrial applications. These genes are primarily transmitted from bacteria t..."
2020,"Data science approaches to study epidemiological and genetic underpinnings of hypothyroidism to pave the way for precision medicine","Health","Investigators","KU University of Copenhagen",9.18,"The overall aim of the proposal is to study the genetic and other biological and environmental factors that affect the probability of an individual for having hypothyroidism (underactive thyroid) with a focus on chronic immune-mediated hypothyroidism, Hashimoto’s thyroiditis, which is one of the ..."
2020,"Identifying Heterogeneous Treatment Effects with Machine Learning","Health","Investigators","SSI Statens Serum Institut",9.05,"Medications affects every individual differently. For some, a medication may be effective and well tolerated, others may not experience any benefits and some might even experience significant adverse events to a larger extent than other users of the same medication. Currently, when medications ar..."
2020,"Center for Basic Machine Learning Research in Life Science","Natural Sciences","Programmes and collaborations","KU University of Copenhagen",29.98,"Artificial intelligence and data science are rapidly changing how science is being conducted. Researchers increasingly rely on a data-centric view, where experimental data is used to discover patterns in data and phrase new scientific hypotheses. To extract information from data, modern data scie..."
2020,"National Health Data Science Sandbox for Training and Research","Health","Infrastructure","KU University of Copenhagen",17.76,"Large amounts of data are generated in the health care sector, such as X-ray images, genetic data, and patient records. Such data contain great amounts of information on diseases, and diagnostics and treatment can be greatly improved, if we can extract and use this information. This is the object..."
2020,"Associate Professor, Dmitriy Traytel","Natural Sciences","Investigators","KU University of Copenhagen",5.98,"Dr. Trayel has been offered the position of Associate Professor in Software Engineering in the Software, Data, People & Society (SDPS) section at the Department of Computer Science (DIKU), the University of Copenhagen. His expertise is relevant for local research and educational activities given ..."
2020,"illuminating the dark redox proteome","Health","Programmes and collaborations","KU University of Copenhagen",15,"Proteins are the work horses in the body regulating many biochemical processes in cells. A major mechanism to regulate the function of proteins is to rapidly remove or add electrons in a chemical bond which is called oxidation and reduction, respectively, and together these reactions are called r..."
2020,"Critical steps to improve T2D digital prevention (StopDia project)","Health","Projects","University of Eastern Finland",1,"Digital services are widely developed for supporting healthy lifestyle and prevention of lifestyle related diseases. For such services to be effective, people have to adhere to their use and to the lifestyle changes they promote. This requires that the services are able to meet their personal nee..."
2020,"Development of tools for screening substances, and understanding the specific roles and putative targets, endocrinologic and metabolic functions","Health","Projects","Uppsala University",0.96,"Neuroendocrine disorders are one of the fastest growing problems related to our modern lifestyle. Developing drugs able to regulate neuroendocrine signaling is a lengthy, complex, and costly process, with a high degree of uncertainty that any new drug will be successful. What is needed are faster..."
2020,"GUT MICROBIOME IN OBESITY AND TYPE 2 DIABETES IN 12,200 SWEDES","Health","Projects","Lund University",3,"The gut microbiome has been linked to obesity, type 2 diabetes (T2D) and cardiovascular disease (CVD), but human studies so far have been limited in size. In the Malmö Offspring Study and SCAPIS-Malmö and -Uppsala, with 12,200 study participants, all microorganisms (bacteria and their viruses, ph..."
2020,"Searching Chemical Space for New Catalysts","Health","Projects","KU University of Copenhagen",2.92,"So far chemists have made around 150 million different molecules. While this number may sound impressive it is just a tiny fraction of the number of possible molecules that can be made (“chemical space”) – a number much, much larger than the number of stars in the observable universe. Chemical sp..."
2020,"AUTOSECT: SYNTHETIC AUTOCRINE SYSTEMS FOR INSECTS","Health","Programmes and collaborations","DTU Technical University of Denmark",4.74,"Insects are essential to maintaining biological diversity on Earth. Yet, planet Earth is experiencing a crisis both in terms of insect abundance, diversity, and biomass, putting both our ecosystems and food supply chains at risk. Importantly, insects form a natural treasure chest for studying ani..."
2020,"Psychiatric and Somatic Comorbidity in Anorexia Nervosa: Applying Genomic and Register Data to Identify Metabolic and Psychiatric Etiological Factors","Health","Projects","AU Aarhus University",2.64,"Anorexia nervosa (AN) is a serious psychiatric disorder that often follows a chronic course. Epidemiological and genetic studies have revealed a complex role for psychiatric, metabolic, and somatic risk factors in the development of AN. Our project aims to examine the comorbidity of psychiatric d..."
2020,"Mycoviruses in biocontrol of plant pathogens (MYBIO)","Engineering & Tech","Projects","AU Aarhus University",3,"Fusarium Head Blight (FHB) threatens wheat production and food security. Fungicides are used to manage FHB, and fungicide residues can be found in the grain while without fungicides there is a risk of mycotoxins. Biological approaches to manage FHB seem promising, however, knowledge on such biolo..."
2020,"BayesFlow: Bayesian inference in normalising flows","Health","Projects","DTU Technical University of Denmark",3,"Supervised methods excel at solving specific tasks, but to fundamentally advance machine learning, we need effective unsupervised methods. These aim to discover knowledge and concepts without having a particular end-goal, similar to the way we humans learn.   In this project, we will extend a rec..."
2020,"The proteome of laser microdissected melanoma cells and tumor infiltrating lymphocytes.","Health","Projects","KU University of Copenhagen",1.39,"Treating melanoma skin cancer that has spread to other areas is very challenging due to many non-responders, development of resistance and serious side effects to available drugs. To better understand the biology in melanoma, we are studying proteins in isolated tumor cells and immune cells from ..."
2020,"Applied Artificial Intelligence for real time risk prediction of COVID-19 patients","Health","Projects","Capital Region of Denmark",1.21,"N/A"
2020,"Applied artificial intelligence for real-time assessment of patients with Covid-19","Health","Projects","KU University of Copenhagen",0.61,"N/A"
2019,"The Postprandial Human Liver","Health","Investigators","KU University of Copenhagen",9.77,"Overload of nutrients and sedentary life predisposes to obesity and liver diseases. Every time we eat, thousands of biochemical processes are activated in order to help our body digest carbohydrates, proteins and fat. The liver is of particular importance for such as it filters and regulates the ..."
2019,"Improving out-of-hospital cardiac arrest survival – a novel and multifaceted approach","Health","Investigators","Copenhagen Emergency Medical Services",9.2,"Out-of-hospital cardiac arrest is a huge health issue worldwide with 4000 new cases every year in Denmark alone. Survival is only 10%, but more than 50% may survive if defibrillated (shocked) by an automated external defibrillator (AED) within minutes. This leaves citizen bystanders in a critical..."
2019,"TOWARDS PRECISION MEDICINE IN SURGERY – AN INTEGRATIVE APPROACH COMBINING DEEP LEARNING, GENETICS AND EPIGENETICS.","Health","Investigators","Capital Region of Denmark",5.92,"Worldwide, an estimated 234 million surgical procedures are performed each year. While many patients proceed to an uneventful recovery, 15% of procedures are complicated by adverse events (AE’s), including strokes, heart attacks, blood clots and wound infections. These directly result in a 4% ris..."
2019,"[FeFe]-Hydrogenase Biodiversity - Expanding the Toolbox of H2-Producing Biocatalysts","Natural Sciences","Fellowships","Uppsala University",1.33,"[FeFe]-Hydrogenases are remarkable biocatalysts able to catalyze the formation of H2 via reduction of protons in a clean and sustainable fashion. H2 is considered as one of the most promising options for replacement of fossil fuels but its production needs improvement. The last years have seen a ..."
2019,"EuBIC Developer's Meeting 2020","Health","Symposia and conferences","SDU University of Southern Denmark",0.28,"The European Bioinformatics Community (EuBIC) is a user-oriented initiative to improve the usage of computational methods to analyse data from so-called proteomics experiments. These experiments allow us to look into the behaviour of our cells by measuring thousands of proteins at the same time. ..."
2019,"New computational methods for metalloenzymes combining theory of strong electron correlations with machine learning","Other","Programmes and collaborations","AU Aarhus University",4,"Metalloproteins mediate many important processes essential for human functioning, such as respiration. However, the presence of metallic elements makes it more difficult to understand how they work with respect to ordinary proteins. Here we propose a new methodology for simulating them accurately..."
2019,"Self-correcting Unsupervised Reaction Energies (SURE)","Other","Programmes and collaborations","DTU Technical University of Denmark",5,"The control of chemical reactions is of vital importance in many fields of science, technology, and medicine. It is usually hindered by the enormous complexity of competing reaction mechanisms, where many molecular species and elementary reaction steps coexist and compete with each other. The key..."
2019,"TrACEr: Time-Aware ConstrainEd Multimodal Data Fusion","Other","Programmes and collaborations","KU University of Copenhagen",4.37,"Our bodies are complex systems and it is challenging to understand how they work, evolve and whether those dynamics depend on certain traits. Using various sensing and imaging technologies, different types of data (relatively static data, e.g., genetics, and dynamic data, e.g., chemical compounds..."
2019,"Personalized Treatment for Rare Epileptic Disorders (PREMED)","Health","Projects","KU University of Copenhagen",1.19,"The project aims to generate a platform of human induced pluripotent stem cells (hiPSC) containing mutations relevant for rare forms of epilepsy. These mutations are inserted via gene editing tools using the CRISPR-Cas9 system. The benefit of hiPSC is that these cells can be differentiated into a..."
2019,"""Where Sky and Earth meet"". Interdisciplinary workshop between extragalaxctic astrophysics and public health applications.","Health","Symposia and conferences","KU University of Copenhagen",0.12,"The workshop ""Where Sky and Earth Meet"" will bring together 100-120 researchers and students working in Biology and Astrophysics. Even though the two fields may seem quite different at a first glance, they share a strong interest for new, revolutionary techniques such as machine learning. These n..."
2019,"Generative Models and Uncertainty Quantification (GenU) 2020","Health","Symposia and conferences","DTU Technical University of Denmark",0.18,"Artificial intelligence is making inroads into almost all branches of science as it aids with the formation of scientific hypotheses from experimental data. A fundamental challenge is, thus, to develop artificially intelligent systems that is both understandable by the human operator and able to ..."
2018,"Preemptive Treatment with Ibrutinib and Venetoclax for Newly Diagnosed Patients with Chronic Lymphocytic Leukemia who are at Increased Risk of Immune Dysfunction as Identified by a Machine Learning Algorithm","Health","Projects","Capital Region of Denmark",10.54,"N/A"
2018,"Probabilistic Shape Statistics for Disentangling Subtypes in Alzheimer’s Disease","Health","Projects","KU University of Copenhagen",1.9,"Alzheimer’s disease is characterized pathologically by the accumulation of amyloid plaques and neurofibrillary tangles. These pathological processes are thought to precede the macroscopic changes in the form of brain tissue loss and a subsequent decline in cognitive abilities. The changes, common..."
2018,"Understanding the impact of genetic variants on transcriptional activities using deep learning","Health","Projects","KU University of Copenhagen",1.5,"Although all cells in a human being contain the same DNA, different cell types display a great degree of specialization. This diversity is reflected by differences in gene activities, which are controlled by cell-type specific regulatory elements. Genetic alterations associated with diseases are ..."
2018,"Optimizing retinopathy screening in Denmark (OPTIMISM)","Health","Programmes and collaborations","Capital Region of Denmark",5.36,"Diabetic eye disease is a frequent complication in persons with diabetes. It is recommended that persons with diabetes attend regular eye screening to prevent vision loss from diabetic eye disease. In Denmark, 25% do not attend the recommended eye screening. A major aim of this project is to iden..."
2018,"Predicting mutation-induced changes in protein stability: beyond the static picture","Health","Projects","KU University of Copenhagen",1.82,"The genomes of any two human individuals will differ by a long list of mutations. Most of these are benign, but if an unfortunate mutation occurs within a protein associated region, it can alter or destabilize the 3D-structure of that protein, and thereby disrupt its biological function. Many of ..."
